{
    "type": "enum",
    "name": "skin_type",
    "description": "What type of skin should be loaded?",
    "label": "Skin type",
    "default": "ENHANCED_SSS",
    "items": [
        ["MAKESKIN", "MakeSkin (skin model v0)", "Use a simple material for the skin, without any particular procedural aspects", 1],
        ["ENHANCED", "Enhanced (skin model v1)", "Use the enhanced skin, which adds a few procedural aspects and which has been the default in MPFB1/MPFB2 until mid 2023", 2],
        ["ENHANCED_SSS", "Enhanced + SSS (skin model v1)", "Use the enhanced skin, which adds a few procedural aspects and which has been the default in MPFB1/MPFB2 until mid 2023. Also add SSS aspects", 3],
        ["LAYERED", "Multilayered (skin model v2)", "Use the latest skin model, which adds many procedural aspects, and which at the moment is experimental", 4]
    ]
}
